Report ID,Report Version,Reporting Entity,Report Type,Report Month,Report Year,Report Submission Date,VIN,VIN - Unknown,Serial Number,Make,Model,Model - Unknown,Model Year,Model Year - Unknown,Same Vehicle ID,Mileage,Mileage - Unknown,Driver / Operator Type,ADAS/ADS System Version,ADAS/ADS System Version - Unk,ADAS/ADS System Version CBI,ADAS/ADS Hardware Version,ADAS/ADS Hardware Version - Unk,ADAS/ADS Hardware Version CBI,ADAS/ADS Software Version,ADAS/ADS Software Version - Unk,ADAS/ADS Software Version CBI,Other Reporting Entities?,Other Reporting Entities? - Unk,Other Reporting Entities? - NA,Federal Regulatory Exemption?,Other Federal Reg. Exemption,Federal Reg. Exemption - Unk,Federal Reg. Exemption - No,State or Local Permit?,State or Local Permit,ADS Equipped?,Automation System Engaged?,Operating Entity,Operating Entity - Unknown,Source - Complaint/Claim,Source - Telematics,Source - Law Enforcement,Source - Field Report,Source - Testing,Source - Media,Source - Other,Source - Other Text,Incident Date,Incident Date - Unknown,Notice Received Date,Incident Time (24:00),Incident Time - Unknown,Same Incident ID,Latitude,Latitude - Unknown,Longitude,Longitude - Unknown,Address,Address - Unknown,City,City - Unknown,State,Zip Code,Zip Code - Unknown,Roadway Type,Roadway Surface,Roadway Description,Posted Speed Limit (MPH),Posted Speed Limit - Unknown,Lighting,Weather - Clear,Weather - Snow,Weather - Cloudy,Weather - Fog/Smoke,Weather - Rain,Weather - Severe Wind,Weather - Unknown,Weather - Other,Weather - Other Text,Crash With,Highest Injury Severity Alleged,Property Damage?,CP Pre-Crash Movement,CP Any Air Bags Deployed?,CP Was Vehicle Towed?,CP Contact Area - Rear Left,CP Contact Area - Left,CP Contact Area - Front Left,CP Contact Area - Rear,CP Contact Area - Top,CP Contact Area - Front,CP Contact Area - Rear Right,CP Contact Area - Right,CP Contact Area - Front Right,CP Contact Area - Bottom,CP Contact Area - Unknown,SV Pre-Crash Movement,SV Any Air Bags Deployed?,SV Was Vehicle Towed?,SV Were All Passengers Belted?,SV Precrash Speed (MPH),SV Pre-crash Speed - Unknown,SV Contact Area - Rear Left,SV Contact Area - Left,SV Contact Area - Front Left,SV Contact Area - Rear,SV Contact Area - Top,SV Contact Area - Front,SV Contact Area - Rear Right,SV Contact Area - Right,SV Contact Area - Front Right,SV Contact Area - Bottom,SV Contact Area - Unknown,Data Availability - EDR,Data Availability - Police Rpt,Data Availability - Telematics,Data Availability - Complaints,Data Availability - Video,Data Availability - Other,Data Availability - No Data,Data Availability - Unknown,Law Enforcement Investigating?,Investigating Agency,Investigating Agency - Unknown,Rep Ent Or Mfr Investigating?,Investigating Officer Name,Inv. Officer Name - Unknown,Investigating Officer Phone,Inv. Officer Phone - Unknown,Investigating Officer Email,Inv. Officer Email - Unknown,Within ODD?,Within ODD? - CBI,Narrative,Narrative - CBI?
30610-7578,1,"Zoox, Inc.",1-Day,,,APR-2024,5TDDGRFH3KS, ,N/A,Toyota,Highlander, ,2019, ,2011e07aac8b837,59843, ,In-Vehicle (Commercial / Test),241.24.04.24, , ,241.24.04.24, , ,241.24.04.24, , ,, ,Y,,, ,Y,Yes (specify below),NV DMV AVT Permit,Yes,ADS,Zoox, , , , ,Y,Y, , ,,APR-2024, ,APR-2024,16:54, ,d877dc9952ead25,[MAY CONTAIN PERSONALLY IDENTIFIABLE INFORMATION], ,[MAY CONTAIN PERSONALLY IDENTIFIABLE INFORMATION], ,[MAY CONTAIN PERSONALLY IDENTIFIABLE INFORMATION], ,Spring Valley, ,NV ,[MAY CONTAIN PERSONALLY IDENTIFIABLE INFORMATION], ,Street,Dry,No Unusual Conditions,45, ,Daylight,Y, , , , , , , ,,Motorcycle,Minor,Yes,Making Right Turn,Not Applicable,No, , ,Y, , , , ,Y,Y, , ,Making Right Turn,No,No,Yes,2, ,Y, , , , , , , , , , , , ,Y, ,Y, , , ,No,, ,Yes,, ,, ,, ,Yes, ,"A Zoox vehicle (Vehicle 1) in autonomy was traveling west on [XXX] and turning right onto [XXX]. While executing a low-speed turn, the Zoox vehicle braked and then the operator disengaged. As the Zoox vehicle was slowing, the motorcycle (Vehicle 2) operator accelerated in an apparent attempt to overtake the Zoox vehicle. The motorcycle then struck the driver's side rear bumper and quarter panel of the Zoox vehicle and the motorcycle and the operator fell to the ground. The motorcycle sustained scrapes and the Zoox vehicle sustained minor damage to the rear bumper and trim. Both parties exchanged information. The police were not called. The motorcycle operator did not report any injuries and rode their motorcycle from the scene. Subsequently, the Zoox vehicle operator reported lower back pain/tightness.",
30270-4768,2,Waymo LLC,10-Day Update,,,JAN-2023,SADHW2S10M1, ,N/A,Jaguar,I-Pace, ,2021, ,6f605e952015487,29338, ,None,5th Generation ADS, , ,, , ,, , ,, , ,,, , ,,,Yes,ADS,Waymo LLC, , ,Y, , , , , ,,JAN-2023, ,JAN-2023,13:38, ,d9f1dce22a59e61,[MAY CONTAIN PERSONALLY IDENTIFIABLE INFORMATION], ,[MAY CONTAIN PERSONALLY IDENTIFIABLE INFORMATION], ,[MAY CONTAIN PERSONALLY IDENTIFIABLE INFORMATION], ,Phoenix, ,AZ ,[MAY CONTAIN PERSONALLY IDENTIFIABLE INFORMATION], ,Intersection,Dry,No Unusual Conditions,35, ,Daylight,Y, , , , , , , ,,Motorcycle,No Injuries Reported,Yes,"Other, see Narrative",Not Applicable,Unknown, , , , , , , , , , ,Y,Proceeding Straight,No,No,Yes,8, , , , , , , , , ,Y, , , , ,Y, ,Y,Y, , ,No,, ,Yes,, ,, ,, ,Yes, ,"Other than updating the Law Enforcement Investigating? field, the content of this report is unchanged from the initial report submitted on January 25, 2023 [REDACTED, MAY CONTAIN CONFIDENTIAL BUSINESS INFORMATION]. 
On January [XXX], 2023 at 1:38 PM PST a Waymo Autonomous Vehicle (Waymo AV) operating in Phoenix, Arizona was in a collision with a minibike whose rider was no longer on it on [XXX] at [XXX].
The Waymo AV was traveling in the leftmost lane on eastbound [XXX], with a group of smaller motorcycles, more commonly known as minibikes, traveling in the right adjacent lane next to and ahead of the Waymo AV. A minibike rider in the group lost control and fell off the minibike a short distance ahead of the Waymo AV in the adjacent lane and the minibike, without a rider, tumbled into the Waymo AV's lane. The Waymo AV applied maximum brake force but made contact with the riderless minibike just before coming to a stop. At the time of the impact, the Waymo AVs Level 4 ADS was engaged in autonomous mode. The Waymo AV sustained damage. The minibike was damaged but it is not possible to determine whether all or some of that damage occurred when the minibike fell to the road before the collision. Because we checked on the minibike riders well-being shortly after the crash, Waymo is aware that the individual sustained minor injuries when they fell from the minibike but the subsequent collision with the riderless minibike did not cause those injuries.
Although we do not believe this event falls under Request No. 1 of Standing General Order 2021-01, we consulted NHTSA and submitted this report at the agencys request on the day of the consultation. Waymo may supplement or correct its reporting with additional information as it may become available.",
30270-4768,1,Waymo LLC,1-Day,,,JAN-2023,SADHW2S10M1, ,N/A,Jaguar,I-Pace, ,2021, ,6f605e952015487,29338, ,None,5th Generation ADS, , ,, , ,, , ,, , ,,, , ,,,Yes,ADS,Waymo LLC, , ,Y, , , , , ,,JAN-2023, ,JAN-2023,13:38, ,d9f1dce22a59e61,[MAY CONTAIN PERSONALLY IDENTIFIABLE INFORMATION], ,[MAY CONTAIN PERSONALLY IDENTIFIABLE INFORMATION], ,[MAY CONTAIN PERSONALLY IDENTIFIABLE INFORMATION], ,Phoenix, ,AZ ,[MAY CONTAIN PERSONALLY IDENTIFIABLE INFORMATION], ,Intersection,Dry,No Unusual Conditions,35, ,Daylight,Y, , , , , , , ,,Motorcycle,No Injuries Reported,Yes,"Other, see Narrative",Not Applicable,Unknown, , , , , , , , , , ,Y,Proceeding Straight,No,No,Yes,8, , , , , , , , , ,Y, , , , ,Y, ,Y,Y, , ,Unknown,,Y,Yes,,Y,,Y,,Y,Yes, ,"On January [XXX], 2023 at 1:38 PM PST a Waymo Autonomous Vehicle (Waymo AV) operating in Phoenix, Arizona was in a collision with a minibike whose rider was no longer on it on [XXX] at [XXX].
The Waymo AV was traveling in the leftmost lane on eastbound [XXX], with a group of smaller motorcycles, more commonly known as minibikes, traveling in the right adjacent lane next to and ahead of the Waymo AV. A minibike rider in the group lost control and fell off the minibike a short distance ahead of the Waymo AV in the adjacent lane and the minibike, without a rider, tumbled into the Waymo AV's lane. The Waymo AV applied maximum brake force but made contact with the riderless minibike just before coming to a stop. At the time of the impact, the Waymo AVs Level 4 ADS was engaged in autonomous mode. The Waymo AV sustained damage. The minibike was damaged but it is not possible to determine whether all or some of that damage occurred when the minibike fell to the road before the collision. Because we checked on the minibike riders well-being shortly after the crash, Waymo is aware that the individual sustained minor injuries when they fell from the minibike but the subsequent collision with the riderless minibike did not cause those injuries.
Although we do not believe this event falls under Request No. 1 of Standing General Order 2021-01, we consulted NHTSA and submitted this report at the agencys request on the day of the consultation. Waymo may supplement or correct its reporting with additional information as it may become available.",
1306-4390,2,Toyota Motor Engineering & Manufacturing,10-Day Update,,,DEC-2022,5TDYRKEC0MS, ,N/A,Toyota,Sienna, ,2021, ,bfc192427eab6ea,5708, ,In-Vehicle (Commercial / Test),4, , ,, , ,, , ,, , ,,, , ,,,Yes,ADS,May Mobility, , , , ,Y, , , ,,DEC-2022, ,DEC-2022,09:02, ,efaea9d26730376,[MAY CONTAIN PERSONALLY IDENTIFIABLE INFORMATION], ,[MAY CONTAIN PERSONALLY IDENTIFIABLE INFORMATION], ,[MAY CONTAIN PERSONALLY IDENTIFIABLE INFORMATION], ,Sun City, ,AZ ,[MAY CONTAIN PERSONALLY IDENTIFIABLE INFORMATION], ,Street,Dry,No Unusual Conditions,30, ,Daylight,Y, , , , , , , ,,Motorcycle,No Injuries Reported,No,Proceeding Straight,Not Applicable,No, , ,Y, , , , , , , , ,Stopped,No,No,Yes,0, , , , ,Y, , ,Y, , , , , , , , , ,Y, , ,No,, ,No,, ,, ,, ,Yes, ,"This report is being submitted because May Mobility notified Toyota on Dec. 9, 2022 of 1-Day Report submission 30413-4378-1,related to an incident that occurred on Dec. [XXX], 2022. Toyota has no additional information on this incident beyond what was submitted in the aforementioned 1-Day Report. Please refer to the report from May Mobility for details.
This report is a 10-Day update. The original report ID is 1306-4390-1.",
1306-4390,1,Toyota Motor Engineering & Manufacturing,1-Day,,,DEC-2022,5TDYRKEC0MS, ,N/A,Toyota,Sienna, ,2021, ,bfc192427eab6ea,5708, ,In-Vehicle (Commercial / Test),4, , ,, , ,, , ,, , ,,, , ,,,Yes,ADS,May Mobility, , , , ,Y, , , ,,DEC-2022, ,DEC-2022,09:02, ,efaea9d26730376,[MAY CONTAIN PERSONALLY IDENTIFIABLE INFORMATION], ,[MAY CONTAIN PERSONALLY IDENTIFIABLE INFORMATION], ,[MAY CONTAIN PERSONALLY IDENTIFIABLE INFORMATION], ,Sun City, ,AZ ,[MAY CONTAIN PERSONALLY IDENTIFIABLE INFORMATION], ,Street,Dry,No Unusual Conditions,30, ,Daylight,Y, , , , , , , ,,Motorcycle,No Injuries Reported,No,Proceeding Straight,Not Applicable,No, , ,Y, , , , , , , , ,Stopped,No,No,Yes,0, , , , ,Y, , ,Y, , , , , , , , , ,Y, , ,No,, ,No,, ,, ,, ,Yes, ,"This report is being submitted because May Mobility notified Toyota on Dec. 9, 2022 of 1-Day Report submission 30413-4378-1,related to an incident that occurred on Dec. [XXX], 2022. Toyota has no additional information on this incident beyond what was submitted in the aforementioned 1-Day Report. Please refer to the report from May Mobility for details.",
30413-4378,1,May Mobility,1-Day,,,DEC-2022,5TDYRKEC0MS, ,N/A,Toyota,Sienna, ,2021, ,bfc192427eab6ea,5708, ,In-Vehicle (Commercial / Test),4, , ,, , ,, , ,, , ,,, , ,,,Yes,ADS,May Mobility, , , , ,Y, , , ,,DEC-2022, ,DEC-2022,09:02, ,efaea9d26730376,[MAY CONTAIN PERSONALLY IDENTIFIABLE INFORMATION], ,[MAY CONTAIN PERSONALLY IDENTIFIABLE INFORMATION], ,[MAY CONTAIN PERSONALLY IDENTIFIABLE INFORMATION], ,Sun City, ,AZ ,[MAY CONTAIN PERSONALLY IDENTIFIABLE INFORMATION], ,Street,Dry,No Unusual Conditions,30, ,Daylight,Y, , , , , , , ,,Motorcycle,No Injuries Reported,No,Proceeding Straight,Not Applicable,No, , ,Y, , , , , , , , ,Stopped,No,No,Yes,0, , , , ,Y, , ,Y, , , , , , , , , ,Y, , ,No,, ,Yes,, ,, ,, ,Yes, ,"Subject vehicle left the [XXX] headed southwest on [XXX]. Following the [XXX] intersection a motorcycle started following us closely. The subject vehicle came to a stop and the motorcyclist attempted to brake in time, but hit the motorcycle's left mirror/handlebar against the rear passenger-side of the subject vehicle's bumper.",
30270-2657,2,Waymo LLC,10-Day Update,,,APR-2022,SADHW2S14M1, ,N/A,Jaguar,I-Pace, ,2021, ,806445927154e05,17179, ,In-Vehicle (Commercial / Test),5th Generation ADS, , ,, , ,, , ,, , ,,, , ,,,Yes,ADS,Waymo LLC, , ,Y, , , , , ,,APR-2022, ,APR-2022,18:29, ,b35fd97d24c2500,[MAY CONTAIN PERSONALLY IDENTIFIABLE INFORMATION], ,[MAY CONTAIN PERSONALLY IDENTIFIABLE INFORMATION], ,[MAY CONTAIN PERSONALLY IDENTIFIABLE INFORMATION], ,Phoenix, ,AZ ,[MAY CONTAIN PERSONALLY IDENTIFIABLE INFORMATION], ,Intersection,Dry,No Unusual Conditions,30, ,Daylight,Y, , , , , , , ,,Motorcycle,No Injuries Reported,Yes,Proceeding Straight,No,Unknown, , ,Y, , ,Y, , ,Y, , ,Making Right Turn,No,Yes,Yes,3, , , , ,Y, , , , , , , , , ,Y, ,Y,Y, , ,Yes,Phoenix Police Department, ,Yes,[MAY CONTAIN PERSONALLY IDENTIFIABLE INFORMATION], ,,Y,,Y,Yes, ,"The content of this report is unchanged from the initial report submitted on April [XXX], 2022 [Report ID # 30270-2657-1]. 
On April [XXX], 2022 at 6:29 PM PST a Waymo Autonomous Vehicle ('Waymo AV') operating in Phoenix, Arizona was in a collision involving a motorcycle on [XXX] at [XXX]. 
The Waymo AV was preparing to make a right turn from southbound [XXX] onto westbound [XXX], when it slowed to yield to a pedestrian crossing [XXX]. As the Waymo AV yielded, a motorcycle directly behind the Waymo AV was rear-ended by a pick-up truck. The motorcycle was pushed forward and made contact with the rear of the Waymo AV. At the time of the impact, the Waymo AV's Level 4 ADS was engaged in autonomous mode, and a test driver was present (in the driver's seating position). The Waymo AV and the motorcycle sustained damage.
Waymo is reporting this crash under Request No. 1 of Standing General Order 2021-01 because a vehicle involved was towed away and a motorcycle was damaged. Waymo may supplement or correct its reporting with additional information as it may become available. This report was submitted from the Pacific time zone on the required date.",
30270-2657,1,Waymo LLC,1-Day,,,APR-2022,SADHW2S14M1, ,N/A,Jaguar,I-Pace, ,2021, ,806445927154e05,17179, ,In-Vehicle (Commercial / Test),5th Generation ADS, , ,, , ,, , ,, , ,,, , ,,,Yes,ADS,Waymo LLC, , ,Y, , , , , ,,APR-2022, ,APR-2022,18:29, ,b35fd97d24c2500,[MAY CONTAIN PERSONALLY IDENTIFIABLE INFORMATION], ,[MAY CONTAIN PERSONALLY IDENTIFIABLE INFORMATION], ,[MAY CONTAIN PERSONALLY IDENTIFIABLE INFORMATION], ,Phoenix, ,AZ ,[MAY CONTAIN PERSONALLY IDENTIFIABLE INFORMATION], ,Intersection,Dry,No Unusual Conditions,30, ,Daylight,Y, , , , , , , ,,Motorcycle,No Injuries Reported,Yes,Proceeding Straight,No,Unknown, , ,Y, , ,Y, , ,Y, , ,Making Right Turn,No,Yes,Yes,3, , , , ,Y, , , , , , , , , ,Y, ,Y,Y, , ,Yes,Phoenix Police Department, ,Yes,[MAY CONTAIN PERSONALLY IDENTIFIABLE INFORMATION], ,,Y,,Y,Yes, ,"On April [XXX], 2022 at 6:29 PM PST a Waymo Autonomous Vehicle ('Waymo AV') operating in Phoenix, Arizona was in a collision involving a motorcycle on [XXX] at [XXX]. 
The Waymo AV was preparing to make a right turn from southbound [XXX] onto westbound [XXX], when it slowed to yield to a pedestrian crossing [XXX]. As the Waymo AV yielded, a motorcycle directly behind the Waymo AV was rear-ended by a pick-up truck. The motorcycle was pushed forward and made contact with the rear of the Waymo AV. At the time of the impact, the Waymo AV's Level 4 ADS was engaged in autonomous mode, and a test driver was present (in the driver's seating position). The Waymo AV and the motorcycle sustained damage.
Waymo is reporting this crash under Request No. 1 of Standing General Order 2021-01 because a vehicle involved was towed away and a motorcycle was damaged. Waymo may supplement or correct its reporting with additional information as it may become available. This report was submitted from the Pacific time zone on the required date.",